Central India,Aggarwal Traders & Publishers,Satti Bazar Raipur Chhattisgarh - 492001,santosh_atr@yahoo.co.in,7489992913
Central India,Aggarwal Publishers & Distributors,"Sultania Road Pustak Bazar Bhopal - 462001, Madhya Pradesh",,
Central India,ASM Book Centre ( Gwalior),"F-4, Hira Residency Suba Ki Payaga Near PGV College, Jiwaji Ganj Gwalior  - 474001, Madhya Pradesh",asmbookcenter@gmail.com,9098063635
Central India,Central Book House (Raipur),"SADAR BAZAR, RAIPUR- 492001, Chhattisgarh",centralbookhouse@gmail.com,
Central India,Education World (Indore),"F-1, HIG Colony, (1st Floor), RSS Nagar Indore-452 011, Madhya Pradesh",nfo@educationworldweb.com,9827067201
Central India,Jain Book Depot (Raipur),Sadar Bazar Raipur Chhattisgarh - 493118,,8770768688
Central India,Landmark The Book Store,"E-5/21, Arera Colony, Habibganj Police Station Road, Bhopal - 462016 Madhya Pradesh",,7552465238
Central India,New Jain Book Stall (Indore),"2/2, Manak Chowk Khajuri Bazar Subhash Chowk Indore- 452001, Madhya Pradesh",nibs2010@gmail.com,9926636333
Central India,Rajesh Book Centre,"Sultania Road Bhopal - 462001, Madhya Pradesh",agrawalnileshkiran@gmail.com,9755414190
Central India,Shiva Shakti Book Centre,"624 M G Road Khajuri Bazar Indore - 452002, Madhya Pradesh",ssbcbooks@gmail.com,9425063647
East India,Amit Book Depot (Patna),"1st, Floor, Tulsi Apartments Govind Mitra Road Patna -800004, Bihar",info@amitbooks.com,9431012326
East India,Jyoti The Book People,"F-11, I.I.T. Market Jadavpur Kolkata - 700032, West Bengal",books@jyotibooks.com,
East India,K.M. Enterprise,"43, Shiba Pada Pal Pally, P.O. - Ariadaha, Kolkata -700057, West Bengal",,9051228783
East India,India Book Centre,"Chowhatta, Ashok Rajpath, Patna 800004, Bihar",ickaushalagrawal@gmail.com,9308896370
East India,J.N. Ghosh & Sons,"6, Bankim Chatterjee St, College Square, Kolkata, West Bengal 700073",,033-22417519
East India,Gyan Ganga Ltd.,"2nd Floor Gyan Ganga Nilayam In the Campus of Gyan Ganga Trade Centre Chamanchak, By Pass Patna Opp. Patrakar Nagar Thana Patna -800016, Jharkhand",ggpvtltd@gmail.com,09304826650
East India,Katha-O-Kahini (Book Sellers) Pvt Ltd,"100A & B Kabi Sukanta Sarani Kolkata- 700085, West Bengal",kathaokahini@gmail.com,09836470902
East India,Katha-O-Kahini (Book Sellers) Pvt Ltd (Bhubaneswar),"Plot No. 145, Cuttack Road Khordha Bhubaneswar-751006 Odisha ",,
East India,Kitab Mahal,College Square Cuttack-753 003 Odisha,mail@kitabmahal.com,
East India,A.K. Mishra Agencies Pvt. Ltd.,"Satyabhama, Roxy Lane, Badambadi Colony, Cuttack- 753009, Odisha ",akm.pvt.ltd_ecdrid@vsnl.in,
East India,Bokaro Students Friend P Ltd. (Ranchi),Chandralaya Old HB Road Opp. Shrilok Complex Ranchi Jharkhand-834001,,9279705046
East India,Bokaro Students Friend Pvt. Ltd. (Patna),Annpurna Complex Noya Tola Patna - 800004 Bihar,sfpatna@yahoo.com,9234634706
East India,Book Centre ( Kolkata),"76 B B Ganguly Street, Kolkata - 700012, West Bengal",kolkatabookcentre@gmail.com,9830106895
East India,Book Corporation (K G Maheswari),"4, R N Mukherjee Road Kolkata- 700001 West Bengal",,9331000405
East India,Book House (Kol.),"BMC - 69/N, BI-D G.M. Sarani, Mondal Ganthi Beside Insact II Cable TV Centre Kolkata - 700020 West Bengal",,8013073830
East India,"Book House, Asansol","Bastin Bazar Road, Asansol-713301 West Bengal",bookhouse03@gmail.com,9434747506
East India,Book Life Agency,"Shop No.4,Super Market Main Road ,Udit Nagar Rourkela-769012, Odisha",,9437689537
East India,"Book Zone, (Ranchi)","Shop No LL08, Hari Om Tower, 70, Circular Road, Ranchi-834001 Jharkhand",bz_ranchi@yahoo.com,
East India,Crown Books Publishers & Distributors,"Aryan Tower East Jail Road Ranchi - 834001, Bihar",crownbookspubdist@yahoo.com,6512213735
East India,Anand Gyan Prakashan (Ranchi),"Bhattacharya Lane, Mahavir Chowk, Upper Bazar Ranchi - 834001, Jharkhand",,9431927138
East India,Maa Sarada Book Agency,"102, Main Road East New Barrackpore Kolkata -700131, West Bengal",-maasaradabook2014@gmail.com,9432182602
East India,New Pustak Sadan,"Kalyani Market Bye Pass Road, Chas - 827 013 Bokaro Jharkhand",npschas@yahoo.com,9431378416
East India,OCM Books,"P-7, CIT Road, Scheme - 52 Kolkata - 700014, West Bengal",ocmbooks@hotmail.com,9830141141
East India,Padmalaya (Bhubaneswar),"Plot No. 31/A, Janapath, U nit-3 Bhubaneswar-753001 Dist Khordha,Odisha ",,9437026922
East India,Shree Madhava Book Store,"P/5, Rajabagicha Labour Colony Cuttack - 753009, Odisha ",,9437024244
East India,Shri Madhab Book Store,Labour Colony Near Monalisa Hotel  Badambadi Cuttack - 753009 Odisha,mbsctc@sify.com,9437024244
East India,Sriram Books,"Plot No-14, Industrial Colony Unit-III, Kharvel Nagar Bhubaneswar - 751001, Odisha ",srirambookbbsr@gmail.com,9439921093
East India,Tripathy Book Store,"College Square, In Front Of Citylife Kendrapada - 754211, Odisha ",tripathybookstorekp@gmail.com,9438847324
East India,Vidya Educational Enterprise,"30, Suresh Chandra Ganguly Lane Salkia, Howrah-711106, West Bengal",vidya1education@gmail.com,8420507898
East India,Sharda Book Depot,"508, Jaiswal Complex, Shop No.12 (Near Mansarover Hotel) Sakchi, Jamshedpur-831001, Bihar",shardadeepak@rediffmail.com,"8340605970, 9431566455"
North India,Bharat Book Depot,"S.C.O. 2, Santpura Complex Opp. GNG College Yamuna Nagar Haryana-135001",,8462447349
North India,College Book Store,"Shop No. 23 42 Rajiv Gandhi Complex DispensaryRoad Dehradun, Uttrakhand",,7830977339
North India,Collerge Of Engineering (Roorkee (Coer),"Prof. Hemant Katiyaar(The Librarian) Collerge of Engineering (Roorkee (coer) 7th KM, Roorkee-Haridwar Road Roorkee-247667, Uttarakhand",hemantkatiyar@yahoo.com,9411775975
North India,Kiran Book Shop,Mai Hiran Gate Jalandhar City Punjab - 144001,,"9872377808, 9779223883"
North India,Aditya Books Pvt. Ltd.,"B-116, Sector- 67 Gautam Budh Nagar Noida - 201301 Uttar Pradesh",,98107730223
North India,Ahuja Book Depot (Amritsar),"Opp. R S Tower, HDFC & ICICI Bank Chowk Bijli Hall Bazar Amritsar, Punjab",ahujabook-asr@yahoo.com,9495084533
North India,Anurag Enterprises (DD),"K.C. City Centre Shop No. 1, 1st Floor Dispensary Road Dehradun - 248001, Uttarakhand",aurag_bansal2006@yahoo.co.in,9897351136
North India,Bansal Book Distributor,"Shop No.4, B-279, Ramprastha, Ghaziabad - 201011, Uttar Pradesh",bansalbooks@yahoo.com,9891085589
North India,Bhati Books & Stationers (Noida),"Near S D Vidya School, Near Shiv Mandir, Barola, Sector-49, Noida, Uttar Pradesh",,9821586969
North India,Bokaro Students Friend Pvt. Ltd. (Varanasi),GK61/58J Kabootar Bazar Kashipur Near Karnghanta Varanasi Uttar Pradesh,bsfpl@yahoo.com,9235597555
North India,Book Man & Company (Varanasi),"CK 63/163, Choti Piry Kabir Chura Varanasi - 221001, Uttar Pradesh",bmcvns@gmail.com,9389242825
North India,Book Sadan,"4/46, Vivek Khand Opp. Kendriya Vidyalaya Gomti Nagar Lucknow, Uttar Pradesh",booksadan@gmail.com,98394887327
North India,Book World (D.Dun),"10-A Astley Hall Dehradun-248001, Uttrakhand",bookworld-edn@yahoo.co.in,
North India,Books International (Lucknow),5/651 Sector-5 Vikas Nagar Infront of PNB ATM Lucknow-226022 Uttar Pradesh,,
North India,City Book Shop,Mai Hiran Gate Jalandhar Punjab-144001,citybookshop40753@gmail.com,9417440753
North India,Delta Book Sellers (Noida),"Atta Market, Sector-18 Shop No.C-11 Noida - 2013001, Uttar Pradesh",,
North India,Global Islamic Publications,"A-170, Sector 83 Noida, Uttar Pradesh",,9910829269
North India,Ganga Saran & Grand Sons,"Neetishalaya D- 58/51-A(Ka) Opp. Kuber Complex, Rathyatra Varanasi - 221010, Uttar Pradesh",booksgs@gmail.com,7526073813
North India,Goel Sons,"Arna Barna Bazar Book Market Patiala-147001, Punjab",goelsons91@gmail.com,
North India,Govind Book Shoppe,"11/9, MM Complese Behind Hunuman Mandir Raghunath Takkies Road BM Khan Agra-282002, Uttar Pradesh",govindbooksshop@gmail.com,8266844801
North India,Goyal Books Overseas Pvt. Ltd.,"D-231-232, Sector 63 Noida- 201301, Uttar Pradesh",export@goyal-books.com,
North India,Gstan Technologies Pvt Ltd.,"B-424, Sushant Lok 1, Gurgaon -122009, Gujarat",,9810433558
North India,Happy Book Depot (Rohtak),"Moden Town, DelhiRoad, Rohtak-124001 Gujarat",,
North India,Ibdc Book Distributors,Khushnuma Complex 7 Meera Bai Marg Behind Jawahar Bhawan Lucknow Uttar Pradesh-226 001,,
North India,J B International,"72-1st floor Alkapuri Pratap Nagar Agra-282002, Uttar Pradesh",jbinternational010@gmail.com,8266844801
North India,"Amit Book Depot, (Ludhina)","Books Market, Nr. Girija Ghar Chowk  ",amitbooks@gmail.com,9815807871
North India,Anuradha Prakashan (Meerut),"147/5, Phool Bagh Colony, Meerut - 250001, Uttar Pradesh",,9837400264
North India,Azad Book Depot,"UGF-15-23, Gaura House, Gwynne Road, Aminabad Lucknow -226018, Uttar Pradesh",azadbookdistributor@gmail.com,9956287425
North India,Loyal Book Depot,"COLLEGE ROAD Meerut - 250001, Uttar Pradesh",,
North India,Lyall Book Depot (Ludhina),"Chaura Rasta Ludhiana-141008, Punjab",lyall75@yahoo.com,
North India,Madaan Book House (Patiala),Gole Market Punjab University Campus Patiala - 147002,,
North India,Mohindra Book Depot,"SCO 41, Sector 31-D, Chandigarh - 160031",,
North India,Narender Book Stall,"326/10, Seri Bazar Mandi-175001, Himachal Pradesh",,
North India,National Book Distributors,"856 Jawahar Lane 12 Makan Islamabad Amritsar-143002, Punjab",national_amritsar@rediffmail.com,9815483264
North India,Nirmal Book Agency,"Opp. Kurukshetra Univ. IIIrd Gate Kurukshetra - 136119, Haryana",,9996030938
North India,Prakash & Co.,"H.O. 406, Gali No. 8, Phool Bagh Colony Meerut - 250001, (UP)",,
North India,Prayag Pustak Bhawan,20-A University Road Allahabad Uttar Pradesh - 211002,prayagpustakbhawan@gmail.com,9452496741
North India,Punjab Book Shop,"Mai Hiran Gate, Chowk, Adda Tanda Jalandhar City Punjab - 14401",,9872675633
North India,R Lal Book Depot,"Begum Bridge Road, Near Govt Inter College, Meerut-250001, Uttar Pradesh",,
North India,Rama Book Depot Wholesale,"172/185, Bazar Jhaulal Behind ICICI Bank Gwynne Road Aminabad Lucknow - 226018, Uttar Pradesh",ramabookdepotwholesale@yahoo.in,
North India,"Rama Book Depot, Morabad","Station Road Moradabad - 244001, Uttar Pradesh",,9760174177
North India,S.R. Book Distributors,"12 SATYAM ENCLAVE TEJAB MILL COMPOUND NEW KOT GAON G.T. ROAD GHAZIABAD - 201009, Uttar Pradesh",,9811708403
North India,Students Friends,"11, University Road Allahabad, Uttar Pradesh",admin@studentsfriends.in,9416334676
North India,Tripathi Book House,"172/179, Bazar Jhaulai (Back of ICICI Bank) Aminabad Lucknow - 18, Uttar Pradesh",rt30091976@gmail.com,9415425943
North India,Universal Book Distributing Co,"A-1, Arif Chambers - 1, Kapoorthala Commercial Complex, Aliganj, Lucknow- 226024 Phone: 2624253",,
North India,Useful Book Service (Lucknow),C 369 Church Road Opp. Shekhar Hospital Indira Nagar Lucknow-226016 Uttar Pradesh,useful@airtelmail.in,9415017416
North India,Variety Book Store (Chd),S.C.O. 69 Sector 17-D Chandigarh - 160017,vbs_69@yahoo.com,
North India,A K Books Wazirabad,"D4/30, Brijpuri Wazirabad, Delhi (North Delhi)110092",akbooks2009@g.mail.com,9312621987
North India,A.K. Publisher & Distributors,"49, Shiv Mandir Lane Pratap Nagar Mayur Vihar Phase I Delhi-110 091(E.D)",aakarbooks@gmail.com,22795505
North India,A.V. Book Seller,"B-1/A, Gali No. 2 Chander Vihar I P Extension Delhi - 110092(E.D)",abbookseller@gmail.com,9999418451
North India,Aadi Books,"23/4, Shakti Nagar New Delhi 110007 Ph: 9999997901",,9999997901
North India,Abhinav Book Supplers,"B-16/3B, Punjabi Basti Baljeet Nagar Delhi- 110008 p:9555292600",,9555292600
North India,Aey Gee Book Shop (Ashok Vihar),"28, Central Market, Ashok Vihar, New Delhi.(N.D)110052",aeygeebookshop@gmail.com,9811255123
North India,Aggarwal & Sons,"6-F, Kamla Nagar Near Spark Mall Delhi- 110 007",,
North India,AGGARWAL BOOK CENTRE,"Railway Road, Near Matka Chowk Jagadhri (Haryana) -135003 PH: 9896147794",,9896147794
North India,Aggarwal Book Depot & General Store (Brahampuri),"Cum Shop, D-61, Street No. 10 Brahampuri Delhi -110053 Ph: 9871018283",,9871018283
North India,Aggarwal Stationery,"B-1/100, Sector 17, Main Road, Rohni, New Delhi 110085(N.D)",ajit9868145783@yahoo.co.in,9899393211
North India,"Ajanta Stores, (Jangpura)","13, Shiv Market, Jangpura, Bhogal, New Delhi.(S.D)110013",ajanta.store@readyFemil.in,
North India,Alankar Book Depot,"Krishna Nagar D6/25, Opp. Govt. School Delhi(E.D)110096",yogesh.sairan2012@gmail.com,9811711795
North India,A-One Books (NA),"23, Darya Ganj New Delhi - 110 002(Center Delhi)",aonebook@yahoo.com.in,9810257789
North India,Consortium Book (P) Ltd,"4263/3 Grounf Floor Ansari Road,Daryaqganj New Delhi 110 002 M-9873879211",,9873879211
North India,Edu Boulevared P Ltd (NEW DELHI),"7/28, Vardan House Mahaveer Lane Ansari Road,Daryaganj New Delhi -110 002 Ph: 40234334",,
North India,Madras Book House,"49, Ranganathan Street T.Nagar Chennai -17 (T.N) Ph:9940161416 Ph. 044-24341416",latabagmar@gmail.com,9940161416
North India,Pradeep Aggerwal Book Distributors,"4099, 1St Floor, Gali Satta Walli Naisadak New Delhi 110006",,9810443271
North India,Shroff Pub. & Distributors P Ltd.,"2/19, Ansari Road, New Delhi-110 002",,
North India,Technical Bureau India Pvt. Ltd.,"E/261, Shastri Nagar Delhi - 110 052",,911589130
North India,Techno world book store,90/6A M G Road YMCA Buildiing 1st Floor Collage Street Kolkata-700073 9051821758,,9051821758
North India,"Pradeep Kumar Aggarwal, C/O.Vimal Book House(Aligarh)","AMU Market, Aligarh-202002, Uttar Pradesh",,9837192947
North India,A.H.Publisher And Distributors,"XI/4239-A/3, Ground Floor Gali No.1, Asnari Road Opp. Delhi Hospital Daryaganj, New Delhi- 110002 PH- 9312631049-8851040622 E-ahbooksdistributors@gmail.com",ahbooksdistributors@gmail.com,"9312631049, 8851040622"
South India,Arunagiri Book Mart (Chennai),"833- EVR Periyar Road, Arumbakkam, Chennai - 600106, Tamilnadu",,
South India,Asad Book Centre,"Public Library Building Convent Road Shenoy Eranakulam- 682035, Kerala",asadbooksekm@gmail.com,9443463702
South India,Jeyalakshmi Book Shop (Madurai),"NO-6 PUDUMANDAPAM MADURAI--625001, Tamilnadu",,
South India,JSP Books (Chennai),"No. 26/34, VC Garden 11 Street Mandaveli, Chennai- 600028, Tamilnadu",jspbooks@gmail.com,9962484184
South India,Aakaash Book Agency,"24, Meenakshi Nagar, 4th Street, Pallikaranai, Chennai-600100, Tamilnadu",aakashbookagency@gmail.com,8939943199
South India,C. Sitaraman & Co.,"73/37,Royapetta High Road Chennai- 600014, Tamilnadu",csandco@sitaraman.com,044-28111516
South India,Calicut Books (Kerala),"Opp. Govt Mental Health Centre Kuthiravattom (PO) Calicut - 673016,  Kerala",info@calicutbooks.com,9747580707
South India,Calicut Edumart Private Limited,"Tirurangadi Towers, Jafferkhan Colony Road Mavoor Road, CALICUT - 4, Kerala",purchase@edumartasia.com,9539701198
South India,Green Books Pvt. Ltd.,"Green Books Building Civil Lane Road Ayyanthole Thrissur - 680003, Kerala",,0487-2381066
South India,Cosmo Books (Thrissur),"Thiruvambady Devaswom Building Round West Thrissur-680001, Kerala",cosmobooks1@gmail.com,8593933916
South India,Famous Book Shop,"No. 26/27, Gate Side Shop Lilly Pond Compound Chennai - 600003, Tamilnadu",spaceport1911491@gmail.com,09840695170
South India,M/S Yours Choice,"J-4 K V Apartments, MPM Street Perambur Chennai - 600037, Tamilnadu",yourschoice@hotmail.com,"9789996123, 9962620966"
South India,Aathira Books,"G33, Stadium Building Rajaji Road Calicut - 673004, Kerala",aathirabookscalicut@yahoo.in,0495-4022316
South India,Aathi Book Centre,"25A, Sub Collectorate Office Road Near Head Post Office Dindigul -624001, Tamilnadu",aathibookcentre@gmail.com,9943823265
South India,Academic Book Distributors,"No. 978/17 Manjunatha Nagara Near Manjunatha Conventional Hall (Opp. Indian Gas Office), Jalamangala Road Ramagaram 562159, Karnataka",academicbookblr@gmail.com,9008687868
South India,Adamya Book Distributors,"No. 154, Sector - 2 Shivabasav Nagar Belgaum - 590010, Karnataka",,
South India,Ajantha Book Centre (ABC),"127, Cherry Road Salem (DT.) Tamil Nadu - 636007",ajanthaslm@g.mail.com,
South India,Almighty Book Company,"#1/19, 1st Floor, A-Block Venkatesa Nagar 2nd Street Sembiam, Perambur Chennai -600011 Tamilnadu",almightybc@gmail.com,9444404738
South India,Aman Book Stall,"Behind KP Keshavram Nenon Hall, Opp. Stadium Building Rajaji Road Calicut-673007, Kerala",amanbooks@gmail.com,9645093283
South India,Bharati Books (Puducherry),"79 Sankaradass Street Near Ajantha Singal Puducherry - 605001, Tamilnadu",bharatibookspony@gmail.com,
South India,Biblios Book Point,"D.No. 4-33/2(1) Opp. Govinda Dasa College, Main Road, NH-65, Surathkal-575014 Karnataka",bibllosbookpoint@yahoo.com,9343560101
South India,Blackie Books,"47/1.T.P.Koil 1st Lane Triplicane Channai -6000005, Tamilnadu",blackiebooks@gmail .com,
South India,"Book Centre, (Kottayam)",College Road Kottayam -686 001 Kerala,,9447771092
South India,Book Park,"171/E/15, R.K.S Complex, Nehruji Road, Chennai, Villupuram-605602, Tamilnadu",,
South India,Book Selection Centre,"KD House No 3-5-121/E//1/2 Near Shalimar Theatre Ramkote -500001 Hyderabad, Andhra Pradesh",hyd2_bschy@sancharnet.in,23446841
South India,C.V. Talikoti Book Stall,Beside Town Maratha Galli Hubli - 580020 Karnataka,,9481286400
South India,Cauvery Book Agency (Trichy),"No. 13/2, 1 st Floor Jamal Mohamed College Campus Anna Staduium Road Trichy - 620020, Tamilnadu",cauverybooks@yahoo.in,9842002060
South India,Cheran Book House,"238 ,Big Bazar Street, Coimbatore - 641001, Tamilnadu",cheranbookhouse@gmail.com,9488986623
South India,"College Book Store,Chennai","36C, Muthuranga Mudali Street Tambaram Chennai -600045, Tamilnadu",antony.collegestores@gmail.com,9940539701
South India,Convener Book Store,"Nesamony Memorial Christian College, Marthandam-629165, Tamilnadu",bookstore.nmcc@gmail.com,9443579898
South India,Coral Publishers & Distributors,"No. 8, 6th Cross Street 8th Main Road Vaishnavi Nagar, Thirumullaivoyal Chennai - 600109, Tamilnadu",coralbooks2016@gmail.com,9043050699
South India,Cosmo Books (Ktm),"IX/1055, Ground Floor, Royal Bazar Dist. Hospital Lane Kottayam- 686 001, Kerala",kottayam@cosmobooks.in,8589923939
South India,Cosmo Books Kozhikode,"Al-Ameen building Rly. Station Link Road Kozhikode - 673002, Kerala",calicut@cosmobooks.in,
South India,Current Books India Pvt Ltd,"DC Kizhakemuri Edam Good Shepherd Street KOTTAYAM-686001, Kerala",academicssales@debooks.com,9946109906
South India,Deepak Book House,Majestic Circle Chitradurga karnataka - 577501,deepakbook73@gmail.com,9964599932
South India,Global Agencies (M),"No. 471, D Subbaiah Road K.R. Mohalla Near Ramaswamy Circle Mysore - 570004, Karnataka",,
South India,Educational Supplies,"P B No. 8204, Block A-02, Ground Floor, Brigade MM Complex Yediyur, Bangalore -560070, Karnataka",sjaibir@gmail.com,9845042166
South India,Futura Books Kochi (P) Ltd.,"9/506A MannurLane Kairali Nagar, Maradu P.O. Ernakulam- 682304 Kerala",futrabooks@gmail.com,9846462393
South India,Great Books,"SAI NIVAS PLOT No. 33 & 34 Vanavil Nagar Athipalayam Coimbatore-641110, Tamilnadu",,
South India,Gupta Brothers Books,"47-13-10, Dwarakanagar Vishakhapatnam- 530016, Andhra Pradesh",gbbooks@gmail.om,
South India,Hema Book World (Bangalore),"12/1, R V Road Cross V.V.Puram, Near West Gate Kamat Hotel Bangalore - 560004, Karnataka",shreyaans09@gmail.com,9036632538
South India,Higginbothams Pvt Ltd. (Chennai),"116, Anna Salai Chennai - 600002, Tamilnadu",rajakumar.ps@higginbothams.co.in,9840431861
South India,J S Book Suppliers (Chennai),"No,3, Nehru Colony, 4th Street, Palavanthangal, Chennai-600114, Tamilnadu",,9710068480
South India,JBD Educationals Pvt.Ltd,"30-5-1, Daba Gardens Visakhapatnam- 530020, Andhra Pradesh",rsdent2016@gmail.com,9295011552
South India,Akalwadi Book Depot,Vijaya Road Dharwad - 580001 Karnataka,,09449826211
South India,Athulya Books,VK Complex Fort Road Kannur. Kerala - 670001,athulyakannur@rediffmail.com,0497-2709294
South India,"Arekay Books Distributors,","Old No. 25, New No. 4 Chenna Reddy Street Egmore Chennai - 600008, Tamilnadu",,9566000718
South India,Ayyanar Book Centre,"14 Dudley School Building, Dindigul-624001, Tamilnadu",abcdindigul@yahoo.com,
South India,M S Book Shop,"No. 284,Wall Tax Road Chennai Chennai- 600003, Tamilnadu",msbookshop15@gmail.com,9884880549
South India,M. Palaniyandi Servai Book Shop,"8A, Puthumandabam, Madurai - 625001, Tamilnadu",mpalaniyandi1931@gmail.com,9626151510
South India,M.S Books,"(UPSTAIRS) Pakkiyam Mandam (opp) SCOTT Road, 177,W.C.C, Road, Nagercoil-629001, Tamilnadu",,6380448748
South India,M/S Bookzila,"Rathna Arcade Five Roads Salem-636004, Tamilnadu",info@bookzila.in,9443330680
South India,Mahalaxmi Enterprises,"No. -194/3, 49th Cross 17th Main, 3rd Block Rajaji Nagar Bangalore - 560010",mehrastish@gmail.com,9845176553
South India,Mat Distributers(Book Seller),"113/49, Siva Subramaniya Vaniga Valagam, Nachaippagounder Street, Dharmapuri-636701, Tamilnadu",matbookdpi@rediffmail.com,8925368895
South India,Mohan Law House,"87-88 (5), B.B. Naidu Road T.B.R Boranna Complex Gandhinagar Bengaluru - 560009 Karnataka",bangalore@mohanlawhouse.com,9845597000
South India,Moonlight Book Shop,"Radheyam Tower Pulimoodu, Statue Thiruvananthapuram - 695001, Kerala",moonlightbookshop@gmail. com,
South India,Mpss Bookshop,"No. 8A, No. 25, Pudumandapam Madurai-625001, Tamilnadu",,
South India,Newlight Book House,"TC -50/790(1 Krishnadeepam Building Kalady Karamana PO Thiruvananthpuram- 695002, Kerala",newlightbookhouse@yahoo.in,
South India,Ojas India Enterprises,"R. Sivakumar (Propriter) NO2, First Floor,Thambi Complex NO.1, Rakker Road, Woraiyur Trichy- 620003, Tamilnadu",ojasindiaenterprises@gmail.com,8344403344
South India,"P R Book House,","NO-- L -5-6, LOURDU BUILDING FORTSTATION ROAD, TEPPAKULAM, TRICHY-- 620002, Tamilnadu",,9443399903
South India,Pr & Sons (Book Sellers),"No.20-21-B*Veeranta Munivar Shopping Complex CFollege Road, TeppakulaM Near Chathiram Bus Stand & Opposite,Indra Gandhi College Trichy-620002, Tamilnadu",,9443370597
South India,Sbs Book Shop (Chennai),"10/425, DGM Nandavnam Swaminathapuram Main Road Vengaivasal Chennai -600073, Tamilnadu",,9884720875
South India,Shanti Books,"No # 18 South Mada Street Triplicane, Chennai - 600005, Tamilnadu",naveena.shantipublication@gmail.com,
South India,Prajwal Books Suppliers,"No 1050, 3rd Main Road, M C Layout Vijaya Nagar Bangalore - 560040, Karnataka",prajwalbookssuppliers@gmail.com,9535428200
South India,Professional Book Centre,"Kuzhuppilly Ayyampilly PO Ernakulam Kochi-682501, Kerala",pbcekm@gmail.com,9847801997
South India,Publishers Syndicate,"C-5&6, Lakshmi Enclave, No-6, Raja Rao ST., East Tambaram Chennai -600059, Tamilnadu",dbs2412@gmail.com,928233506
South India,Ravie Agencies,"New 23, South Mada Street Mylapore Chennai- 600004, Tamilnadu",,
South India,RCS Books,Puthanagady Kanjirapally Kottayam Dist Kerala - 686507,,8138876772
South India,Ruby Books,"29/14, Muthiyal Naicken Street, Purasawalkam, Chennai-600007 (T.N)",,9884519471
South India,S.T. Book Traders,"Door No.1, Shiva Rishi ILLAM Raj Nagar IInd Street Ellakudi Panchayat, Kattur Trichy Tamil Nadu-620019",stboooktraders@gmail.com,9655877764
South India,Sabarimalaian Book Distributors,"241/24, 1St Floor 53rd Cross 4th Block Rajaji Nagar, Bangalore - 560010, Karnataka",,
South India,SAMS Publishers,"GI. 16/33, ALWAR NAGAR 3 STREET- NANGANALLU CHENNAI- 300061, Tamilnadu",sampublishers@yahoo.com,9444773136
South India,Sapna Book House (P) Ltd.,"3rd Main Road, Gandhinagar, Bangalore-560009 Karnataka",pobooks@sapnaretall.com,8022269648
South India,Saradha Book Centre,"Nr. Ganapathy Temple Pazhavangadi Fort Thiruvananthapuram - 695023, Kerala",sbctvpm@gmail.com,
South India,Sarvodaya Ilakkiya Pannai,"32/1, West Veli Street Madurai - 625001 Tamilnadu",sipmadurai@madurai@yahoo.com,
South India,Saradhi Publishers And Distributors,"Mackil Centre Good Shepherd Road Opp.Basalius College. Kottayam -686001, Kerala",,8921583125
South India,Selvi Book Shoppe,"NO--5 ANNA NAGAR 2nd EAST MAIN ROAD ( OPPOSITE- AMBIKA ARTS COLLEGE) MADURAI--625020, Tamilnadu",selvibookshoppe2020@gmail.com,9843057435
South India,Shri Nagaraj Book Sellers (Hubli),"B-60, Eureka Centre, Opp.Padma Talkies Victore Road, Hubli Karnataka",vkubasad000@gmail.com,9448779623
South India,Sia Publishers & Distributors (Hyd),"Door No. 5-1-911/5 Biyabani Square Pulhlibowli, Koti Hyderabad - 500095, Andhra Pradesh",support@siapublishers.com,
South India,Sita Book House,"Bhagavathi Building, Kalakunj Road, Kodialbail, Near Kalakunj Marriage Hall Mangalore - 575003, Karnataka",sitabook@yahoo.com,9845590644
South India,SKB Book Shop,"150, Cherry Road Opp. Bharath Petrol Bunk Nr. Sugavaneswara Temple Salem - 636001, Tamilnadu",skbbookshop_salem@yahoo.co.in,9578589111
South India,Sree Sudha Book House,"509/C Balaji Colony, Opp U niversity Campus High School Tirupati -517502, Andhra Pradesh",kesavarams@gmail.com.,9908509459
South India,Sri Mariamman Stores,"439, Main Bazar, Virudhunagar - 626001, Tamilnadu",smsbooksvnr@gmail.com,9976754396
South India,Sterling Enterprises,"No. 17/40 Siva Shanmugam Street West Tambaram Chennai-600045, Tamilnadu",sterling2016@gmail.com,9941223422
South India,Surya Book Suppliers(Bangalore),"NO:13, Ground Floor, KRL Nilaya 8th Cross, CL Ramaiah Layout Shampura, RT Nagar Post Bangalore- 560032, Karnataka",suryabooksupplier@gmail.com,9538881014
South India,Swamy Book Agency,"1, new cinema bazaar (Balamurugan jewellers upstairs) Near thangamayil jewellery Nethaji road, Madurai-625001 Tamilnadu",,9443025232
South India,TBH Publishers & Distributors (Coimbatore),"88, N G Narayanasamy Street, New Diddhapudur, Coimbatore-641044, Tamilnadu",sathush@tbhpd.com,
South India,"TBH Publishers & Distributors, Guindy (Chennai)","15, Race Course Road Near Ashram School Guindy-600032 Chennai, Tamilnadu",tbhpd@md4.vsnl.net.in thpd,9840124985
South India,T B S Publishers Distributors,"TBS Building, GH Road Kozhikode - 673001 Kerala",purchasetbsbooks@gmail.com,7559822223
South India,The Book Bank Trust,"Anil Mehta The Meha Building 898, Sirukulam Road Sivakasi-626123, Tamilnadu",mehta2828@gmail.com,9786688585
South India,The Calicut University Central Co-Op. Stores Ltd.,"No. 4347 Calicut University P.O. - 673 635, Kerala",centralstore4347@gmail.com,
South India,Tirurangadi Book Stall,"Tirirangadi Towers Jafferkhan Colony Road Calicut - 673004, Kerala",edumart@edumartasia.com,9539701198
South India,Vasantha Book Stall (Kollam),"S N College Junction Kollam-691001, Kerala",vasanthabooks@sancharnet.in,
South India,Vinayaka Book House,"66/684 AbhilashMahaklavi Bharathiyar Road Ernakulam Kochi- 682035, Kerala",vbhpharmacy@gmail.com,9746603001
South India,V K R Book Suppliers,"93/41 Venkatrangan Street Triplicane Chennai 600005, Rajasthan",,9840715589
South India,"Wyes Kay Publishers & Distributors,(Chennai)","No 194, Asiad Colony Thirumangalam, Anna Nagar West Extn, Chennai - 600101, Tamilnadu",wyeskaypd@gmail.com,9789865544
South India,Neelkamal Book Links Naryan Naik,"Narayan Naik Complex Behind Gandhi Gyan Mandir Koti Hyderabad- 500095, Andhra Pradesh",nkbe_197@yahoo.com,
South India,Professional Book Services,"3-5-314, Vittalwadi Narayanaguda Hyderabad 500029, Andhra Pradesh",pbs.prob@gmail.com,9848130433
South India,Sri Eswar Enterprises (Chennai),"Archana Arcade No. 27, Natesan Street T. Nagar Chennai -600017, Tamilnadu",vempeyes@gmail.com,
South India,Syamala Book Links,"43-18-19/1, Venkatarajunagar Dondaparthy Visakhapatnam-530016, Andhra Pradesh",syamalabooklinks@gmail.com,"9490708474, 8897831477"
South India,T.R.Publications Pvt Ltd,"A-32, 3rd Floor, B-Block, Gulmohar Apts, 35, South Boag Road, T. Nagar, Chennai 600 017, Tamilnadu",trprama@gmail.com,
South India,"Ponna Book House,","1/827A Main Road-Gurunagar, Suthamalli, Tirunelveli 627604, Tamilnadu",,"8939077213, 9841695299"
South India,Syamala Book Links,"43-18-19/1, Venkatarajunagar Dondaparthy Visakhapatnam-530016, Andhra Pradesh",syamalabooklinks@gmail.com,"9490708474, 8897831477"
South India,Trichy Book House,"87A, Devar Colony 1st Cross (West Extn) Thillainagar Trichy - 620018, Tamilnadu",trichybookhouse@yahoo.co.in,"9489764192, 9443238419"
South India,Velan Book Suppliers (Chennai),"14/27, South Perumal Koil Street, Vadapalani, Chennai-600026, Tamilnadu",velanbs@yahoo.com,"9789891888, 7358776188"
South India,Vidyarthi Books (Bangalore),"37,90/5-3rd D Cross 26th Main, BTM, 2nd, Stage, Bangalore-560076, Karnataka",vidyarthibooks2014@gmail.com,"9743195502, 9738336135"
South India,Trichy Book House,"87A, Devar Colony 1st Cross (West Extn) Thillainagar Trichy - 620018, Tamilnadu",trichybookhouse@yahoo.co.in,"9489764192, 9443238419"
South India,Vidyarthi Books (Bangalore),"37,90/5-3rd D Cross 26th Main, BTM, 2nd, Stage, Bangalore-560076, Karnataka",vidyarthibooks2014@gmail.com,"9743195502, 9738336135"
West India,Astha Book Agency,"407, Asha Complex Behind Navrangpura Police Station Near Railway Crossing Navrangpura Ahmedabad- 380009, Gujarat",,
West India,AO Enterprises,"Ankit Ambokar 5-e/210, Nabard Staff Quartters Damodar Park Ghatkopar West, LBS Marg Mumbai - 400 086, Maharashtra",,9869316588
West India,Best Books Suppliers (Kolhapur),"Plot No. 152/B, Sainath Colony Maner Mala, Uchagaon Kolhapur - 416005, Maharashtra",bestbooksuppliers@gmail.com,9860780143
West India,Knowledge Book Distributors,"C/o. Bearing Company 276, M I Road Jaipur - 302001, Rajasthan",kbdjaipur11@yahoo.com,
West India,Atul Agencies,"Vir Bhuvan Dhobis Gali Ghandhi Road Ahmedabad - 380001, Gujarat",,079-22160475
West India,Arvind Prakashan (Udaipur),"15-16, Durga Nursery Road Ashok Nagar Main Road Udaipur - 313001, Rajasthan",arvindprakasha1@g.mail.com,9460209975
West India,Binay Book Agency (Asansol),"New Kamla Market Ramdhani More Hutton Road, Asansol - 713301, Maharashtra",,7076542857
West India,Bindoo Book Stall,"OPP. JUBILEE GARDEN VADODARA- 390001, Gujarat",bindoobooks@gmail.com,
West India,Ajit Book Depot (Pune),"31 Budhwar Peth Behind Indian Overseas Bank Near Jogeshwari Mandir ABC Pune - 411002, Maharashtra",albdpune@g.mail.com,9850954972
West India,Book Plaza,"C-1,Sunhouse Basement Opp- Navrangpura Telephone Exchange C.G Road, Ahmedabad - 390006 Gujarat",mail@bookplazaindia.com,079-26430386
West India,Book Point Nx,"Shop No. 2, Pesrl arcade Buolding Opp. PK Jewllers, Off JP Road, Andheri West, Mumbai-400058, Maharashtra",bookpoint99@gmail.com,9892106828
West India,Book Service Syndicate,"22 B S Marg ,2nd Floor Above George Rest. Opp SBI Main Branch Fort, Mumbai-400023, Maharashtra",,9820067542
West India,Book World,"Swami Samarth Commercial Complex North Bazar Road, Gokulpeth Nagpur - 440010, Maharashtra",bookworldngp@gmail.com,9422864426
West India,Books India,P K House Behind M J Library Ellis Bridge Ahmedabad-380006 (Gujrat),bookind@g.mail.com,
West India,Central Book Stall,"Rani Jhansi Square Sitabuldi Nagpur - 440012, Maharashtra",,9823073969
West India,Charotar Book Store,Tulsi Sadan Station Road Anand-388001 Gujarat,charotar44@yahoo.com,9998113935
West India,Dnyanganga Books Distributors (Nagpur),"3/44,Raje Raghuji Nagar Opp. Kamgar Kalyan Bhawan Sakkaradar Nagpur- 440024, Maharashtra",dnyangangabooks@gmail.com,7038842719
West India,Education Point,"58, Mahaveer Nagar Sanghai Farm, Tonk Road Jaipur -302018, Rajasthan",,9269664791
West India,Himanshu Book Co.,"6-7, Shree Jeyendrapuri Bhavan Nr. Sanyas Ashram, Ellis Bridge Ahmedabad - 380006, Gujarat",orders@himanshubook.com,
West India,India Book House (Amravati),"Satyadev Park* Holywood Colony Near Kathora Naka Amravati-444604, Maharashtra",bhamravati@gmail.com,9850317467
West India,Jain Book Depot (Jaipur),"165 Choura Rasta Jaipur -4, Rajasthan",jbdjaipur@rediffimail.com,9314935585
West India,Aryas Publishers Distributors (P) Ltd.,"2-D, Hazareshwar Colony Udaipur-313001 Rajasthan",,9351685460
West India,Laxmi Pustakalay & Stationers,"Kelibagh Road, Mahal Nagpur - 440032, Maharashtra",,
West India,Maaya Book Centre,"20, Madurai Road Opp. Old Bustand Theni- 625531, Maharashtra",,9443929273
West India,Mahajan Book Depot,"Nr. Central Bank of India Gandhi Road Ahmedabad - 380001, Gujarat",,7925356031
West India,Mahavir General Stores,"46, Yogeshwari Commercial Market Navi Peth Solapur - 413007, Maharashtra",mgsbook@rediffmail.com,9422380944
West India,Navkar Book Distributors,"307, Rajasthan Technical Centre, Patanwala Estate, LBS Road Opp. Shreyas Cinema, Ghatkopar- West Mumbai-400086, Maharashtra",kaushik@navkarbooks.com,9969666490
West India,Nilesh Book Centre,"SB-2, Galav Chambers Dairy Den Circle Sayajigunj Vadodara Gujrat - 390020",nilesh_book_centre@yahoo.com,9924458748
West India,Patil Medical Book Shop (Pune),"468/2828. Opp. To D.Y.Patil Medical College, SantTukaram Nagar, Pimpri. Pune - 411018, Maharashtra",,9860444446
West India,Popular Book Centre(Amravati),"Shop No.4 & 5, Divisonal Sports Comples, Opp. Shree Shivaji Science College, Morshi Road, Amravati - 444603, Maharashtra",popularbookcentre@rediffmail.com,9422918577
West India,Pradeep Book Distributors,"631/32, Budhwar Peth Shop No. 102/103/104 1st Floor, Shan Bramha Complex Pune - 411002, Maharashtra",pbd0909@gmail.com,9422087031
West India,Satyam Books (Jalgaon),"202, M.G. Road Jalgaon - 412005, Maharashtra",,9420072967
West India,Roopal Book Stall,"F-3, Purohit Arcade B/H BVM Egg. College Vallabh Vidyanagar - 388120 Gujarat",,
West India,Sai Book Collection,"Located at Sr. No. 640 Appa Balwant Chaok Budhawar Peth Pune -411002, Maharashtra",,8484046043
West India,Scholar Academy (Pune),"690, Chintamani Chowk Kumthekar Road Near Shrimant Collection Above Karad Urban Bank, Sadashiv Peth, Pune-411030, Maharashtra ",scholaracademypune01@gmail.com,
West India,Shivam Enterprises (Bhavnagar),"Opp. Vanita Visram Bhavnagar - 364001, Gujarat",rajenbhatt7@gmail.com,
West India,Sita Books,"213/B Wing Arjun Centre Govandi Station Road Mumbai-400088, Maharashtra",info@sitabooks.com,
West India,St. Joseph Book Distributor,Casa Roadrigues 117/2 Khomavaddo Patto Ribandar Panjim Goa-403006,stjosephbookdist@gmail.com,
West India,Sterling Book House,"181 DR. D.N.Road, Fort, Mumbai-400001, Maharashtra",accounts@sterlingbookhouse.com,
West India,Students Agencies (India) Pvt. Ltd.,"102, Konark Shram Behind Everest Building 156, Tardeo Road Mumbai -400034, Maharashtra ",students@vsnl.com,
West India,The Book Shop (Rajkot),"1 Mahavir Complex Near ICICI Bank Opp. Sister Niveditas Bus Stop Kalavad Road Rajkot-360001, Gujrat",bookshoprajkot@yahoo.com,
West India,Vikas Book House (Pune),"151-Budhwar Peth, Jogeshwari Temple, Pune-2 Maharashtra",vikasbs3@yahoo.com,9860286472
West India,Vakratund Publications Pvt Ltd (Navi Mumbai),"Office No. 1,GF B Wing Shree Nand Dham Plot No 59 Sector 11, Belapur CBD Navi Mumbai, Maharashtra ",paritosh@vakratundpublications.com,
West India,Vidyarthi Sales Agencies (Mumbai),"No 5, Hendre Mansion Khotachiwadi 157/159 JSS Road Girgaon Mumbai-400 004 Maharashtra",vidyarthi@mtnl.net.in,
West India,Vinayaga Book House,"B/16, Laxmisagar C.H.S. Patilwadi, Nr. Nandivli Road Dombivli (E)- 421 201 Thane, Maharashtra ",,
West India,Western India Book Corporation,"Daruwala Bulding Opp. Mission Hospital Store Athwa Line Surat -395001, Gujarat",westernindiabooksurat@yahoo.co.in,9825160820
West India,Wisdom Books,118 - Lake Plaza Ist Floor Opp. Damodar Ling Fatorda Margao Goa - 403602,wosdp.npplsgpa@gmail.com,9326132722
West India,Yes Books,"28/A, Amber Chamber, Appa Balawant Chowk, Budhwar Peth Pune - 411002, Maharashtra ",yesh_books@yahoo.com,9923699235
West India,Prasant Book House (Jalgaon),"3, Pratap Nagar Sant Dyneshwar Mandir Road Near Nutan Maratha College Jalgaon- 425001, Maharashtra",prashantbookhouse@gmail.com,"9665626717, 9421636480"
North East India,Book Emporium (Guwahati),"Jaswanta Road, Pan Bazar, Guwahati - 781001 (Assam)",bookemporium@rediffmail.com,
North East India,Book Land (Guwahati),"Jaswanta Road, Pan Bazaar, Guwahati- 781001, Assam",bookland.org@gmail.com,9864508257
North East India,EL PEE Book Store (Aizawl),"B-44 Bara Bazar Aizwal -796001, Mizoram",ip.bookstore@gmail.com,9862580422
North East India,Global Agency (Imphal),"Kangjerbung Maning, B-10, MPP Complex, Imphal-West-795001, Manipur",,
North East India,Ashok Book Stall (Gauhati),Jaswanta Road Pan Bazar Guwahati-781001 Assam,,
North East India,New Book Stall (Silchar),Norsingtola Near Maya Hotel Silchar-788001 Assam,nbsslichar@gmail.com,9435712617
North East India,New Pothi Ghar,Talokena House Barapani Market Naharlagun - 791110 Arunachal Pradesh,pothighar@gmail.com,
North East India,New Book Centre (Shillong),"Opp. Laitumkhrah Police Station Shillong - 793003, Meghalaya",newbookcentre111@gmail.com,9774088719
North East India,Students Emporium,New Market Dibrugarh - 786001 Assam,,
North East India,Unique Books (Guwahati),"MONJERA HOUSE,IST FLOOR, M LN ROAD, PAN BAZAR, GUWAHATI-781001, Assam",uniquebooksghy@yahoo.com,9864034526
